{
  "Antioquia": [
    {"code": "05001", "name": "Medellín", "lat": 6.2476, "lon": -75.5658},
    {"code": "05002", "name": "Abejorral", "lat": 5.8, "lon": -75.43},
    {"code": "05004", "name": "Abriaquí", "lat": 6.62, "lon": -76.08},
    {"code": "05021", "name": "Alejandría", "lat": 6.37, "lon": -75.13},
    {"code": "05030", "name": "Amalfi", "lat": 6.92, "lon": -75.07},
    {"code": "05031", "name": "Amagá", "lat": 6.03, "lon": -75.7},
    {"code": "05034", "name": "Anorí", "lat": 7.08, "lon": -75.15},
    {"code": "05036", "name": "Santafé de Antioquia", "lat": 6.56, "lon": -75.83},
    {"code": "05038", "name": "Andes", "lat": 5.66, "lon": -75.88},
    {"code": "05040", "name": "Angelópolis", "lat": 6.1, "lon": -75.71},
    {"code": "05042", "name": "Angostura", "lat": 6.88, "lon": -75.33},
    {"code": "05044", "name": "Anorí", "lat": 7.08, "lon": -75.15},
    {"code": "05045", "name": "Arboletes", "lat": 8.86, "lon": -76.42},
    {"code": "05051", "name": "Argelia", "lat": 5.8, "lon": -75.15},
    {"code": "05055", "name": "Armenia", "lat": 6.14, "lon": -75.72},
    {"code": "05059", "name": "Barbosa", "lat": 6.44, "lon": -75.33},
    {"code": "05079", "name": "Belmira", "lat": 6.63, "lon": -75.67},
    {"code": "05086", "name": "Betania", "lat": 6.09, "lon": -75.98},
    {"code": "05088", "name": "Bello", "lat": 6.34, "lon": -75.56},
    {"code": "05091", "name": "Betulia", "lat": 6.09, "lon": -75.98},
    {"code": "05093", "name": "Ciudad Bolívar", "lat": 5.87, "lon": -76.02},
    {"code": "05101", "name": "Briceño", "lat": 7.1, "lon": -75.67},
    {"code": "05107", "name": "Buriticá", "lat": 6.73, "lon": -75.97},
    {"code": "05113", "name": "Cáceres", "lat": 7.58, "lon": -75.35},
    {"code": "05120", "name": "Caicedo", "lat": 6.73, "lon": -75.83},
    {"code": "05125", "name": "Caldas", "lat": 6.09, "lon": -75.63},
    {"code": "05129", "name": "Campamento", "lat": 7, "lon": -75.32},
    {"code": "05134", "name": "Cañasgordas", "lat": 6.78, "lon": -76.02},
    {"code": "05138", "name": "Caracolí", "lat": 6.42, "lon": -74.82},
    {"code": "05142", "name": "Caramanta", "lat": 5.53, "lon": -75.65},
    {"code": "05145", "name": "Carepa", "lat": 7.76, "lon": -76.65},
    {"code": "05147", "name": "El Carmen de Viboral", "lat": 6.08, "lon": -75.34},
    {"code": "05148", "name": "Carolina", "lat": 6.72, "lon": -75.03},
    {"code": "05150", "name": "Caucasia", "lat": 7.99, "lon": -75.19},
    {"code": "05154", "name": "Chigorodó", "lat": 7.67, "lon": -76.68},
    {"code": "05172", "name": "Cisneros", "lat": 6.54, "lon": -75.1},
    {"code": "05190", "name": "Cocorná", "lat": 6.06, "lon": -75.18},
    {"code": "05197", "name": "Concepción", "lat": 6.37, "lon": -75.33},
    {"code": "05206", "name": "Concordia", "lat": 6.05, "lon": -75.91},
    {"code": "05209", "name": "Copacabana", "lat": 6.35, "lon": -75.51},
    {"code": "05212", "name": "Dabeiba", "lat": 7.01, "lon": -76.32},
    {"code": "05234", "name": "Donmatías", "lat": 6.46, "lon": -75.39},
    {"code": "05237", "name": "Ebéjico", "lat": 6.33, "lon": -75.77},
    {"code": "05240", "name": "El Bagre", "lat": 7.6, "lon": -74.81},
    {"code": "05250", "name": "Entrerríos", "lat": 6.56, "lon": -75.52},
    {"code": "05264", "name": "Envigado", "lat": 6.17, "lon": -75.58},
    {"code": "05266", "name": "Fredonia", "lat": 5.92, "lon": -75.67},
    {"code": "05282", "name": "Frontino", "lat": 6.76, "lon": -76.13},
    {"code": "05284", "name": "Giraldo", "lat": 6.38, "lon": -75.89},
    {"code": "05306", "name": "Girardota", "lat": 6.38, "lon": -75.45},
    {"code": "05308", "name": "Gómez Plata", "lat": 6.67, "lon": -75.2},
    {"code": "05310", "name": "Granada", "lat": 6.17, "lon": -75.2},
    {"code": "05313", "name": "Guadalupe", "lat": 6.56, "lon": -75.68},
    {"code": "05315", "name": "Guarne", "lat": 6.27, "lon": -75.44},
    {"code": "05318", "name": "Guatapé", "lat": 6.23, "lon": -75.17},
    {"code": "05321", "name": "Heliconia", "lat": 6.22, "lon": -75.75},
    {"code": "05347", "name": "Hispania", "lat": 5.62, "lon": -75.84},
    {"code": "05353", "name": "Itagüí", "lat": 6.18, "lon": -75.6},
    {"code": "05360", "name": "Ituango", "lat": 7.18, "lon": -75.77},
    {"code": "05361", "name": "Jardín", "lat": 5.6, "lon": -75.82},
    {"code": "05364", "name": "Jericó", "lat": 5.79, "lon": -75.79},
    {"code": "05368", "name": "La Ceja", "lat": 6.03, "lon": -75.43},
    {"code": "05376", "name": "La Estrella", "lat": 6.16, "lon": -75.64},
    {"code": "05380", "name": "La Pintada", "lat": 5.74, "lon": -75.6},
    {"code": "05390", "name": "La Unión", "lat": 5.97, "lon": -75.35},
    {"code": "05400", "name": "Liborina", "lat": 6.65, "lon": -75.83},
    {"code": "05411", "name": "Maceo", "lat": 6.55, "lon": -74.78},
    {"code": "05425", "name": "Marinilla", "lat": 6.17, "lon": -75.34},
    {"code": "05440", "name": "Montebello", "lat": 5.95, "lon": -75.52},
    {"code": "05467", "name": "Murindó", "lat": 6.9, "lon": -76.75},
    {"code": "05475", "name": "Mutatá", "lat": 7.22, "lon": -76.43},
    {"code": "05480", "name": "Nariño", "lat": 5.62, "lon": -75.18},
    {"code": "05483", "name": "Necoclí", "lat": 8.42, "lon": -76.78},
    {"code": "05490", "name": "Nechí", "lat": 8.1, "lon": -74.78},
    {"code": "05495", "name": "Olaya", "lat": 6.63, "lon": -75.75},
    {"code": "05501", "name": "Peñol", "lat": 6.22, "lon": -75.23},
    {"code": "05541", "name": "Peque", "lat": 7.02, "lon": -75.88},
    {"code": "05543", "name": "Pueblorrico", "lat": 5.78, "lon": -75.9},
    {"code": "05576", "name": "Puerto Berrío", "lat": 6.49, "lon": -74.4},
    {"code": "05579", "name": "Puerto Nare", "lat": 6.19, "lon": -74.58},
    {"code": "05585", "name": "Puerto Triunfo", "lat": 5.87, "lon": -74.64},
    {"code": "05591", "name": "Remedios", "lat": 7.03, "lon": -74.7},
    {"code": "05604", "name": "Retiro", "lat": 6.06, "lon": -75.5},
    {"code": "05607", "name": "Rionegro", "lat": 6.14, "lon": -75.38},
    {"code": "05615", "name": "Sabanalarga", "lat": 7.92, "lon": -75.82},
    {"code": "05628", "name": "Sabaneta", "lat": 6.15, "lon": -75.62},
    {"code": "05631", "name": "Salgar", "lat": 5.96, "lon": -75.98},
    {"code": "05642", "name": "San Andrés de Cuerquia", "lat": 6.92, "lon": -75.68},
    {"code": "05647", "name": "San Carlos", "lat": 6.2, "lon": -74.98},
    {"code": "05649", "name": "San Francisco", "lat": 6.02, "lon": -75.1},
    {"code": "05652", "name": "San Jerónimo", "lat": 6.44, "lon": -75.73},
    {"code": "05656", "name": "San José de La Montaña", "lat": 6.85, "lon": -75.68},
    {"code": "05658", "name": "San Juan de Urabá", "lat": 8.75, "lon": -76.53},
    {"code": "05659", "name": "San Luis", "lat": 6.03, "lon": -74.98},
    {"code": "05660", "name": "San Pedro de los Milagros", "lat": 6.45, "lon": -75.55},
    {"code": "05664", "name": "San Pedro de Urabá", "lat": 8.28, "lon": -76.37},
    {"code": "05665", "name": "San Rafael", "lat": 6.3, "lon": -75.03},
    {"code": "05667", "name": "San Roque", "lat": 6.5, "lon": -75.03},
    {"code": "05670", "name": "San Vicente", "lat": 6.29, "lon": -75.33},
    {"code": "05674", "name": "Santa Bárbara", "lat": 5.83, "lon": -75.87},
    {"code": "05679", "name": "Santa Rosa de Osos", "lat": 6.65, "lon": -75.46},
    {"code": "05686", "name": "Santo Domingo", "lat": 6.47, "lon": -75.18},
    {"code": "05690", "name": "El Santuario", "lat": 6.13, "lon": -75.27},
    {"code": "05697", "name": "Segovia", "lat": 7.08, "lon": -74.7},
    {"code": "05736", "name": "Sonsón", "lat": 5.71, "lon": -75.31},
    {"code": "05756", "name": "Sopetrán", "lat": 6.5, "lon": -75.75},
    {"code": "05761", "name": "Támesis", "lat": 5.67, "lon": -75.72},
    {"code": "05789", "name": "Tarazá", "lat": 7.57, "lon": -75.4},
    {"code": "05790", "name": "Tarso", "lat": 5.9, "lon": -75.82},
    {"code": "05792", "name": "Titiribí", "lat": 6.06, "lon": -75.8},
    {"code": "05809", "name": "Toledo", "lat": 7.25, "lon": -75.68},
    {"code": "05819", "name": "Turbo", "lat": 8.09, "lon": -76.73},
    {"code": "05837", "name": "Uramita", "lat": 6.9, "lon": -76.17},
    {"code": "05842", "name": "Urrao", "lat": 6.32, "lon": -76.13},
    {"code": "05847", "name": "Valdivia", "lat": 7.18, "lon": -75.43},
    {"code": "05854", "name": "Valparaíso", "lat": 5.47, "lon": -75.42},
    {"code": "05856", "name": "Vegachí", "lat": 6.77, "lon": -75.08},
    {"code": "05858", "name": "Venecia", "lat": 5.97, "lon": -75.78},
    {"code": "05861", "name": "Vigía del Fuerte", "lat": 6.58, "lon": -76.88},
    {"code": "05873", "name": "Yalí", "lat": 6.65, "lon": -74.83},
    {"code": "05885", "name": "Yarumal", "lat": 6.97, "lon": -75.42},
    {"code": "05887", "name": "Yolombó", "lat": 6.6, "lon": -75.02},
    {"code": "05890", "name": "Yondó", "lat": 7.01, "lon": -73.91},
    {"code": "05893", "name": "Zaragoza", "lat": 7.49, "lon": -74.87}
  ]
}
